{
    "da.advisor_key_id": "da.dim_advsr_id",
    "da.advisor_ssn": "da.advsr_ssn_id",
    "da.curr_city": "da.currnt_city_nm",
    "da.curr_state": "da.currnt_state_cd",
    "da.full_name": "da.advsr_full_nm",
    "df.firm_key_id": "df.dim_firm_id",
    "df.firm_name": "df.firm_nm",
    "ew.external_wholesaler_id": "ew.extrnl_whlslr_id",
    "ew.external_wholesaler_name": "ew.extrnl_whlslr_nm",
    "f.advisor_key_id": "f.dim_advsr_id",
    "f.channel_key_id": "f.dim_chnl_id",
    "f.firm_key_id": "f.dim_firm_id",
    "f.is_compensible_flg": "f.is_compensbl_flg",
    "f.policy_key_id": "f.dim_plcy_id",
    "f.product_key_id": "f.dim_prod_id",
    "f.sale_dt": "f.trx_procss_dt",
    "f.territory_key_id": "f.dim_terrty_id",
    "f.transaction_group_cd": "f.trx_grp_cd",
    "ipt.tobacco_desc_abbrev": "/*tobacco_desc_abbrev */",
    "ipt.tobacco_desc_cd": "ipt.tobco_desc",
    "ppe.app_type_key_cd": "ppe.applctn_typ_cd",
    "ppe.contact_cc_email": "ppe.contact_cc_email_id",
    "ppe.contact_email": "ppe.contact_email_id",
    "ppe.csr_id": "ppe.csr_id",
    "ppe.internal_notes": "ppe.intrnl_notes_txt",
    "ppe.lob_key_cd": "ppe.lob_cd",
    "ppe.origin_cd": "ppe.origin_cd",
    "ppe.policy_key_id": "ppe.dim_plcy_id",
    "ppe.policy_number": "ppe.plcy_num",
    "ppe.prod_premium": "ppe.prod_premium_amt",
    "ppe.rating2_value_desc": "ppe.insrd_ratg_val_cd",
    "ppe.rating3_type_desc": "ppe.insrd_ratg_typ_txt",
    "ppe.state": "ppe.plcy_state_cd",
    "ppe.status_cd_key_id": "/*status_cd_key_id */",
    "ppe.target_premium": "ppe.tgt_premium_amt",
    "ppe.tobacco_desc_abbrev": "ppe.tobacco_desc_abbrev",
    "ppe.tobacco_rating_applied": "/*tobacco_rating_applied */",
    "pr.product_key_id": "pr.dim_prod_id",
    "pr.product_plan_desc": "pr.prod_plan_desc",
    "pr.product_sub_group_cd": "pr.prod_sub_grp_cd",
    "psc.status_cd_desc": "psc.plcy_status_desc",
    "psc.status_cd_key_id": "/*status_cd_key_id */",
    "psc.status_type": "psc.plcy_status_cd",
    "rdc.channel_cd": "rdc.dim_chnl_id",
    "rdc.channel_key_id": "rdc.dim_chnl_id",
    "rdc.sub_channel_cd": "rdc.sub_chnl_cd",
    "rdp.face_amt": "rdp.face_amt",
    "rdp.policy_key_id": "rdp.dim_plcy_id",
    "rdp.status_dt": "rdp.plcy_status_chng_dt",
    "rdp.underwriter_name": "rdp.undrwrtr_nm",
    "ter.external_wholesaler_key_id": "ter.dim_extrnl_whlslr_id",
    "ter.territory_key_id": "ter.dim_terrty_id"
}