{
    "ah.advisor_hierarchy_key_id": "ah.advisor_hierarchy_key_id",
    "ah.agency_key_id": "ah.agency_key_id",
    "ah.rsm_key": "ah.rsm_key",
    "df.firm_cdw_id": "df.firm_cdw_id",
    "df.firm_key_id": "df.dim_firm_id",
    "f.advisor_hierarchy_key_id": "/*advisor_hierarchy_key_id */",
    "f.channel_key_id": "f.dim_chnl_id",
    "f.firm_key_id": "f.dim_firm_id",
    "f.is_compensible_flg": "f.is_compensbl_flg",
    "f.policy_key_id": "f.dim_plcy_id",
    "f.product_key_id": "f.dim_prod_id",
    "f.transaction_group_cd": "f.trx_grp_cd",
    "ppe.app_type_key_cd": "ppe.applctn_typ_cd",
    "ppe.lob_key_cd": "ppe.lob_cd",
    "ppe.lob_key_desc": "ppe.lob_desc",
    "ppe.policy_key_id": "ppe.dim_plcy_id",
    "ppe.policy_number": "ppe.plcy_num",
    "ppe.prod_premium": "ppe.prod_premium_amt",
    "ppe.rop_threshold_premium": "ppe.rop_thrshld_amt",
    "ppe.status_cd_key_id": "/*status_cd_key_id */",
    "ppe.target_premium": "ppe.tgt_premium_amt",
    "pr.product_cd": "pr.prod_cd",
    "pr.product_key_id": "pr.dim_prod_id",
    "pr.product_sub_group_cd": "pr.prod_sub_grp_cd",
    "pr.product_type_cd": "pr.prod_typ_cd",
    "pr.product_type_desc": "pr.prod_typ_desc",
    "psc.status_cd_desc": "psc.plcy_status_desc",
    "psc.status_cd_key_id": "/*status_cd_key_id */",
    "psc.status_type": "psc.plcy_status_cd",
    "rda.agency_cdw_id": "rda.agcy_cdw_id",
    "rda.agency_key_id": "rda.agcy_mdm_id",
    "rdc.channel_cd": "rdc.dim_chnl_id",
    "rdc.channel_key_id": "rdc.dim_chnl_id",
    "rdc.sub_channel_cd": "rdc.sub_chnl_cd",
    "rdp.policy_key_id": "rdp.dim_plcy_id",
    "rdp.total_policy_val": "/*total_policy_val */",
    "rsm.advisor_id": "rsm.advsr_mdm_id",
    "rsm.full_name": "rsm.advsr_full_nm"
}